plot,tag,jday,year,spp,dend.num,ref.dend,ref.dbh,prev.dend,dend,dbh,hole,status,Need New Band?,notes,ref.notes
A1,1,102,2023,yb,4,14.51,19.4,19.37,260.04,,Inner,Alive,No,,NA
A1,2,102,2023,rm,2,10.43,35.3,17.02,28.06,,Inner,Alive,No,,NA
A1,6,102,2023,rm,3,64.49,35.1,86.32,87.54,,Outer,Alive,No,"hole nearer spring: 60.77, 61.38",NA
A1,6,102,2023,rm,3,,,60.77,61.38,,Inner,Alive,No,,
A1,8,102,2023,yb,3,26.95,27.0,38.96,39.42,,Inner,Alive,No,,NA
A1,9,102,2023,yb,2,32.69,18.0,48.03,48.54,,Inner,Alive,No,,NA
A1,10,102,2023,yb,2,29.84,16.7,44.05,44.51,,Inner,Alive,No,,NA
A1,14,102,2023,ro,3,115.36,64.00,NA,,,No Measurement,Alive,No,,"too big, hole covered"
A1,14,102,2023,ro,4,11.28,64.00,20.09,26.22,,Inner,Alive,No,,
A1,15,102,2023,rm,1,33.45,23.0,36.73,36.83,,Inner,Alive,No,,
A1,18,102,2023,rm,2,31.42,29.0,,,,No Measurement,Dead,No,missing and branches scattered - snapped during winter?,
A1,19,102,2023,ro,4,NA,NA,31.77,35.75,,Inner,Alive,No,,
A1,801,102,2023,hem,1,39.93,10.9,64.47,65.83,,Inner,Alive,No,,needs new band 12.1 cm DBH
A1,801,102,2023,hem,2,,,8.41,8.44,12.1,Inner,Alive,No,new band added,
A1,828,102,2023,yb,1,36.84,11.9,51.27,51.18,,Inner,Alive,No,,
A1,903,102,2023,hem,1,21.59,10.3,49.71,53.03,,Inner,Alive,No,,
A2,25,102,2023,rm,2,12.13,16.1,15.53,15.5,,Inner,Alive,No,,
A2,26,102,2023,bo,2,65.64,43.8,100.31,104.59,45.5,Inner,Alive,Yes,new band needed,
A2,27,102,2023,rm,4,10.20,13.0,22.16,22.58,,Inner,Alive,No,,
A2,29,102,2023,rm,1,54.72,16.9,59.07,59.1,,Inner,Alive,No,,
A2,30,102,2023,rm,2,84.48,25.0,102.53,103.26,,Inner,Alive,Yes,,needs new band 25.7 cm DBH
A2,30,110,2023,rm,3,,,24.27,22.38,25.7,Inner,Alive,No,new band added,
A2,31,102,2023,bo,2,49.52,43.3,85.75,90.04,,Inner,Alive,No,,
A2,32,102,2023,ro,2,54.14,45.7,95.07,99.71,47.4,Inner,Alive,Yes,need new band,
A2,33,102,2023,bo,2,22.95,33.9,34.31,35.8,,Inner,Alive,No,,
A2,34,102,2023,ro,2,21.78,43.4,45.68,45.99,,Inner,Alive,No,,
A2,35,102,2023,rm,1,26.92,22.2,30.08,29.92,,Inner,Stressed,No,lost top,
A2,892,102,2023,hem,2,18.12,12.8,39.93,41.18,,Inner,Alive,No,,
A2,893,102,2023,rm,1,20.29,10.6,31.28,31.86,,Inner,Alive,No,,
A2,911,102,2023,beech,1,32.69,10.1,55.97,59.02,,Inner,Alive,No,,
A2,990,102,2023,hem,1,29.17,10.3,58.36,59.25,,Inner,Alive,No,,
A3,51,102,2023,ro,2,48.06,25.5,83.74,87.66,,Inner,Alive,No,,
A3,52,102,2023,beech,3,23.63,16.2,59.86,60.96,,Outer,Alive,No,inner hole 27.09,
A3,53,102,2023,rm,2,18.55,12.0,18.39,NA,,No Measurement,Dead,No,dead & rotting,
A3,54,102,2023,ro,4,20.95,40.3,39.2,44.93,,Inner,Alive,No,,
A3,55,102,2023,rm,3,43.26,18.5,47.03,47.74,,Inner,Alive,No,,
A3,56,102,2023,rm,3,28.99,15.9,40.74,42.71,,Inner,Alive,No,,
A3,57,102,2023,ro,4,27.14,62.2,46.84,50.33,,Inner,Alive,No,,
A3,58,102,2023,ro,3,60.39,44.1,109.68,114.44,,Inner,Alive,No,,needs new band 46.0 cm DBH
A3,58,110,2023,ro,4,,,20.44,22.86,46,Inner,Alive,No,new band added,
A3,60,102,2023,rm,1,88.29,23.2,113.53,117.69,,Inner,Alive,No,,needs new band 25.2 cm DBH
A3,60,110,2023,rm,2,,,24.19,25.11,25.2,Inner,Alive,No,new band added,
A3,61,102,2023,ro,2,66.50,50.5,121.49,123.72,,Inner,Alive,No,,needs new band 52.5 cm DBH
A3,61,110,2023,ro,3,,,27.99,29.59,52.5,Inner,Alive,No,new band added,
A3,70,102,2023,ro,2,15.52,45.3,26.05,28.86,,Inner,Alive,No,,
A3,263,102,2023,bb,1,15.10,10.6,19.61,19.71,,Inner,Alive,No,,
A3,709,102,2023,hem,1,5.82,10.0,37.66,45.06,,Inner,Alive,No,,
A3,891,102,2023,hem,2,24.44,13.5,65.47,74.07,,Inner,Alive,No,,
A3,984,102,2023,rm,1,15.98,10.5,45.3,48.4,,Inner,Stressed,No,snapped,
B1,152,102,2023,rm,2,54.89,18.8,91.4,92.32,20,Inner,Alive,Yes,need ew band 20.0DBH,
B1,153,102,2023,ro,3,124.58,56.50,,,,No Measurement,Alive,No,too big - new band below,too big to measure
B1,153,102,2023,ro,4,9.83,56.50,21.6,28.33,,Inner,Alive,No,,
B1,154,102,2023,rm,2,31.42,29.0,49.05,50.45,,Inner,Alive,No,,
B1,155,102,2023,ro,4,19.07,55.4,31.99,,,Inner,Alive,No,also A1 19,
B1,156,102,2023,rm,5,17.96,39.0,,,,No Measurement,Alive,No,too big; inner hole: 16.68,needs new band 42.8 cm DBH
B1,156,102,2023,rm,5,17.96,39.0,NA,16.68,,Inner,Alive,No,,
B1,156,110,2023,rm,6,,,21.59,20.67,42.8,Inner,Alive,No,new band added,
B1,159,102,2023,rm,2,12.72,30.7,38.48,40.8,,Inner,Alive,No,,
B1,160,102,2023,rm,1,53.59,36.4,70.57,71.49,,Inner,Alive,No,,
B1,161,102,2023,rm,2,23.26,19.9,27.23,27.61,,Inner,Alive,No,,
B1,162,102,2023,rm,2,17.74,34.0,39.73,40.51,,Inner,Alive,No,,
B1,164,102,2023,wp,2,12.10,20.5,24.63,24.81,,Inner,Alive,No,,
B1,165,102,2023,ro,2,33.21,45.5,56.37,59.78,,Inner,Alive,No,,
B1,802,102,2023,rm,1,14.93,10.1,17.52,17.58,,Inner,Alive,No,,
B1,815,102,2023,hem,1,10.77,11.8,41.19,47.34,,Inner,Alive,No,,
B1,816,102,2023,hem,1,14.60,10.9,39.84,41.6,,Inner,Alive,No,,
B1,895,102,2023,yb,1,30.96,11.0,50.31,51.43,,Outer,Alive,No,"inner hole: 39.95, 41.01",
B1,895,102,2023,yb,1,,,39.95,41.01,,Inner,Alive,No,,
B1,915,102,2023,hem,1,14.07,10.1,22.72,27.79,,Inner,Alive,No,,
B2,179,102,2023,ro,3,66.97,68.9,,,,Inner,Alive,No,,needs new band 70.5 cm DBH
B2,179,110,2023,ro,4,,,13.5,16.37,70.5,Inner,Alive,No,new band added,
B2,182,102,2023,yb,2,14.17,32.8,23.16,23.4,,Inner,Alive,No,,
B2,187,102,2023,rm,2,59.66,32.9,85.92,87.26,,Inner,Alive,No,missing tag,
B2,189,102,2023,cherry,1,31.15,35.9,37.09,37.25,,Inner,Alive,No,,
B2,192,102,2023,bb,2,13.47,14.4,29.15,29.61,,Inner,Alive,No,,
B2,193,102,2023,yb,3,26.78,18.1,42.65,43.19,,Inner,Alive,No,,
B2,194,102,2023,rm,2,15.53,23.8,43.13,44.57,,Inner,Alive,No,,
B2,894,102,2023,rm,1,17.25,10.7,24.61,24.5,,Inner,Alive,No,,
B2,923,102,2023,hem,1,11.90,10.2,23.2,29.7,,Inner,Alive,No,,
B3,201,102,2023,ro,5,15.04,43.8,36.82,43.37,,Inner,Alive,No,,
B3,203,102,2023,ash,1,28.54,16.0,27.44,,,No Measurement,Dead,No,dead,dead
B3,209,102,2023,ro,2,87.38,23.8,105.81,107.01,,Inner,Alive,No,,needs new band 24.5 cm DBH
B3,209,110,2023,ro,3,,,22.04,21.89,24.5,Inner,Alive,No,new band added,
B3,210,102,2023,ro,3,62.05,38.0,,NA,,No Measurement,Alive,No,too big,needs new band 40.6 cm DBH
B3,210,110,2023,ro,4,,,14.72,16.86,40.6,Inner,Alive,No,new band added,
B3,212,102,2023,rm,2,10.09,13.5,12.18,12.21,,Inner,Alive,No,,
B3,213,102,2023,rm,1,36.04,14.6,40.04,40.24,,Inner,Alive,No,,
B3,214,102,2023,yb,1,34.83,16.0,37.23,38.01,,Inner,Alive,No,,
B3,215,102,2023,rm,2,32.49,19.6,41.41,42.31,,Inner,Alive,No,,
B3,221,102,2023,rm,1,18.44,24.1,18.44,18.41,,Inner,Alive,No,,
B3,223,102,2023,ro,4,20.67,50.2,76.15,82.95,,Inner,Alive,No,,
B3,226,102,2023,ro,1,88.61,24.7,101.78,103.07,,Inner,Alive,No,,needs new band 25.5 cm DBH
B3,226,110,2023,ro,2,,,20.1,19.88,25.5,Inner,Alive,No,new band added,
B3,228,102,2023,bo,5,24.46,55.3,74.26,83.36,,Inner,Alive,No,,
B3,231,102,2023,ro,1,78.06,23.8,94.1,94.86,,Inner,Alive,No,,
B3,232,102,2023,ro,2,72.39,39.0,118.43,122.91,,Inner,Alive,No,,needs new band 40.5 cm DBH
B3,232,110,2023,ro,3,,,15.37,17.62,40.5,Inner,Alive,No,new band added,
B3,814,102,2023,hem,1,13.92,10.2,44.38,46.26,,Inner,Dead,No,dead - tip up,
B4,253,102,2023,rm,2,17.18,13.4,28.95,30.19,,Inner,Alive,No,,
B4,255,102,2023,rm,2,20.49,21.8,37.36,38.59,,Inner,Alive,No,,
B4,256,102,2023,rm,2,43.07,15.5,45.17,45.3,,Inner,Alive,No,,
B4,257,102,2023,rm,1,36.59,13.2,38.95,38.89,,Inner,Alive,No,,
B4,260,102,2023,rm,1,15.33,11.4,18.13,17.34,,Inner,Alive,No,,
B4,261,102,2023,rm,1,40.71,16.5,50.39,50.71,,Inner,Alive,No,,
B4,262,102,2023,ro,3,74.92,28.7,NA,136.89,31.1,Inner,Alive,Yes,needs new band,needs new band 30.4 cm DBH
B4,264,102,2023,rm,3,19.22,12.7,35.3,35.49,,Inner,Alive,No,,
B4,271,102,2023,rm,1,49.36,11.7,NA,,,No Measurement,Dead,No,dead - snapped,snapped
B4,271,102,2023,rm,2,NA,NA,12.45,,,No Measurement,Dead,No,dead - snapped,snapped
B4,272,102,2023,rm,2,38.92,25.7,92.31,95.07,,Inner,Alive,No,,
B4,273,102,2023,rm,2,58.31,15.5,94.36,,,Outer,Alive,No,inner 75.18,
B4,273,102,2023,rm,2,,,NA,75.18,,Inner,Alive,No,,
B4,276,102,2023,rm,1,47.59,12.5,60.32,60.88,,Inner,Alive,No,,
B4,277,102,2023,ro,3,33.51,28.0,66.12,69.96,,Outer,Alive,No,,inner hole 41.55 (change Y to N on band)
B4,277,102,2023,ro,3,,,NA,41.55,,Inner,Alive,No,,
B4,278,102,2023,rm,1,26.26,15.3,27.82,27.97,,Inner,Alive,No,,
B4,279,102,2023,rm,1,21.85,13.2,22.83,23.82,,Inner,Alive,No,,
B4,280,102,2023,ro,2,37.28,25.5,52.09,54.13,,Inner,Alive,No,,
B4,706,102,2023,rm,1,12.86,10.0,13.63,13.43,,Inner,Alive,No,,
B4,726,102,2023,ro,3,18.49,41.9,68.41,75.6,,Inner,Alive,No,,
B4,805,102,2023,beech,2,16.18,11.20,17.65,19.07,,Inner,Alive,No,,
B4,924,102,2023,beech,1,13.09,10.0,34.9,41.55,,Inner,Alive,No,,
C1,214,102,2023,bb,3,21.12,13.80,28.89,31.89,,Inner,Alive,No,,
C1,217,102,2023,hem,2,90.06,34.70,116.26,,,Inner,Alive,No,,
C1,217,102,2023,hem,3,15.47,35.90,13.88,14.2,,Inner,Alive,No,,
C1,351,102,2023,hem,6,NA,NA,22.31,22.82,,Inner,Alive,No,,
C1,352,102,2023,ro,2,41.51,47.2,74.35,76.91,,Inner,Alive,No,,
C1,353,102,2023,ro,2,33.75,42.8,68.17,72.29,,Inner,Alive,No,,
C1,354,102,2023,rm,2,48.76,25.1,55.48,55.76,,Inner,Alive,No,,
C1,355,102,2023,yb,2,16.41,14.0,37.01,37.48,,Inner,Alive,No,,
C1,356,102,2023,ro,2,50.68,39.1,85.14,88.82,,Inner,Alive,No,,
C1,360,102,2023,yb,2,37.31,18.7,43.84,44.32,,Inner,Alive,No,,
C1,361,102,2023,ro,4,16.06,64.6,45.09,50.93,,Inner,Alive,No,,
C1,362,102,2023,ro,1,81.01,42.3,96,92.23,,Inner,Dead,No,probably dead,"43.3 cm DBH, band very loose"
C1,363,102,2023,ro,2,39.46,37.1,80.43,84.86,,Inner,Alive,No,,
C1,366,102,2023,ro,1,84.48,36.5,109.28,,,Inner,Alive,No,,needs new band 37.4 cm DBH
C1,366,110,2023,ro,2,,,22.1,23.09,37.4,Inner,Alive,No,new band added,
C1,367,102,2023,ro,2,48.93,49.6,104.91,109.95,,Inner,Alive,No,,2x springs needs new band 50.8 cm DBH
C1,367,110,2023,ro,3,,,12.86,12.47,50.8,Inner,Alive,No,new band added,
C2,291,102,2023,rm,1,52.92,18.8,54.1,53.32,,Inner,Stressed,No,almost dead,
C2,378,102,2023,ro,3,50.93,58.7,86.42,93.96,,Inner,Alive,No,,
C2,379,102,2023,rm,2,15.43,11.4,18.76,18.87,,Inner,Stressed,No,top broken ,
C2,380,102,2023,rm,1,50.27,21.6,60.51,56.66,,Inner,Alive,No,,
C2,382,102,2023,rm,1,38.72,20.6,49.4,49.93,,Inner,Alive,No,,
C2,385,102,2023,rm,1,32.60,15.9,37.3,37.56,,Inner,Alive,No,,
C2,386,102,2023,ro,3,42.63,42.0,76.63,81.11,,Inner,Alive,No,,
C2,388,102,2023,beech,3,48.32,17.1,71,72.74,,Inner,Alive,No,,
C2,390,102,2023,ro,3,16.93,54.8,28.41,33.35,,Inner,Alive,No,,
C2,391,102,2023,ro,2,59.88,49.0,96.18,100.13,50.5,Inner,Alive,Yes,need new band 50.5 dbh,
C2,392,102,2023,ro,3,34.60,60.4,62.5,67.33,,Inner,Alive,No,,
C2,829,102,2023,yb,2,14.53,12.3,15.69,16.41,,Inner,Alive,No,,
C2,830,102,2023,hem,2,24.26,13.7,75.11,79.39,15.9,Inner,Alive,Yes,need new band 15.9 dbh,
C2,979,102,2023,rm,1,8.25,9.9,13.57,13.78,,Inner,Alive,No,,
C3,207,102,2023,hem,3,25.32,15.7,38.52,44.09,,Inner,Alive,No,,
C3,264,102,2023,hem,3,15.27,15.5,28.39,31.7,,Inner,Alive,No,,
C3,402,102,2023,rm,2,23.05,32.8,62.58,64.63,,Inner,Alive,No,,
C3,403,102,2023,rm,1,69.29,27.9,84.25,85.28,,Inner,Alive,No,,
C3,405,102,2023,yb,2,32.05,21.0,56.38,58.39,,Inner,Alive,No,,
C3,406,102,2023,ash,2,20.77,18.9,43.53,43.16,,Inner,Alive,No,,
C3,411,102,2023,rm,2,30.02,28.1,68.84,69.92,,Inner,Alive,No,,
C3,412,102,2023,rm,3,12.63,21.9,26.81,27.19,,Inner,Alive,No,,
C3,413,102,2023,rm,1,76.86,24.3,96.17,96.89,,Inner,Alive,No,,
C3,414,102,2023,yb,2,32.96,15.6,49.16,49.54,,Inner,Alive,No,,
C3,415,102,2023,rm,2,37.95,28.2,75.93,76.33,,Inner,Alive,No,,
C3,416,102,2023,rm,3,38.77,32.9,74.48,77.84,,Inner,Alive,No,,
C3,417,102,2023,rm,1,19.87,17.9,25.56,25.14,,Inner,Alive,No,,
C3,418,102,2023,ash,2,38.17,29.8,60.73,63.76,,Inner,Alive,No,,
C3,419,102,2023,yb,1,43.75,14.9,53.32,55.25,,Inner,Alive,No,,
C3,421,102,2023,ash,3,38.42,42.8,70.44,74.5,,Inner,Alive,No,,
C3,423,102,2023,rm,1,34.82,24.7,41.23,41.85,,Inner,Alive,No,,
C3,425,102,2023,ash,3,19.42,20.9,24.57,26.42,,Inner,Alive,No,,
C3,426,102,2023,ash,1,29.05,20.5,35.28,34.49,,Inner,Alive,No,,
C3,729,102,2023,yb,2,62.83,21.0,98.65,99.99,,Inner,Alive,No,,
C4,456,102,2023,rm,1,45.52,18.4,50.17,50.53,,Inner,Alive,No,,
C4,459,102,2023,ro,2,54.86,41.8,92.51,97.87,,Inner,Alive,No,,
C4,462,102,2023,bo,4,58.63,44.2,121.87,NA,,Inner,Alive,No,too /ig ,needs new band 46.8 cm DBH
C4,462,110,2023,bo,5,,,14.16,16.45,46.8,Inner,Alive,No,new band added,
C4,465,102,2023,rm,1,65.00,17.3,84.17,84.71,,Inner,Alive,No,,
C4,466,102,2023,ro,1,72.57,27.5,85.93,87.28,,Inner,Alive,No,,
C4,469,102,2023,ro,2,36.21,41.0,65.7,69,,Inner,Alive,No,,
C4,474,102,2023,ro,4,12.12,50.6,37.24,44.89,,Inner,Alive,No,,
C4,484,102,2023,beech,2,31.57,13.3,67.85,68.96,,Inner,Stressed,Yes,snapped,needs new band 14.7 cm DBH
C4,485,102,2023,beech,2,45.05,30.4,77.12,77.88,,Inner,Alive,No,,
C4,487,102,2023,rm,1,53.69,23.8,61.66,62.28,,Inner,Alive,No,,
C4,491,102,2023,rm,2,28.88,30.5,46.59,48.67,,Inner,Alive,No,,
C4,494,102,2023,rm,2,64.56,28.7,86.04,87.28,,Inner,Alive,No,,
C4,498,102,2023,rm,1,26.46,20.1,27.75,26.7,,Inner,Stressed,No,broken top,
C4,570,102,2023,beech,2,11.60,11.5,NA,,,Inner,Stressed,No,snapped,
C5,260,102,2023,beech,4,15.43,14.5,20.38,,,Inner,Alive,No,,
C5,290,102,2023,beech,3,80.48,15.6,76.25,80.16,,Inner,Alive,No,,
C5,501,102,2023,bo,3,52.94,37.8,116.84,,,No Measurement,Alive,No,small band: 24.80,small band 25.22
C5,501,110,2023,bo,4,,,24.8,31.26,40.1,Inner,Alive,No,,
C5,503,102,2023,gb,2,17.89,18.4,21.01,21.91,,Inner,Alive,No,,
C5,504,102,2023,ro,2,36.50,17.3,49.8,52.04,,Inner,Alive,No,,
C5,505,102,2023,rm,2,78.35,23.2,106.84,109.96,25,Inner,Alive,Yes,need new band,
C5,509,102,2023,rm,2,17.09,16.8,32.28,32.81,,Inner,Alive,No,,
C5,512,102,2023,rm,2,61.47,15.7,66.62,66.57,,Inner,Alive,No,,
C5,513,102,2023,ro,3,54.25,30.0,85.34,88.72,,Inner,Alive,No,,
C5,514,102,2023,rm,3,9.58,15.9,25.67,26.86,,Inner,Alive,No,,
C5,515,102,2023,ro,2,62.90,25.7,109.21,114.34,,Inner,Alive,No,,needs new band 27.4 cm DBH
C5,515,110,2023,ro,3,,,13.61,14.93,27.4,Inner,Alive,No,new band added,
C5,518,102,2023,yb,2,30.31,12.6,43.77,43.62,,Inner,Dead,No,dead,
C5,519,102,2023,ro,3,60.97,38.4,104.67,110.67,,Inner,Alive,No,,needs new band 39.8 cm DBH
C5,519,110,2023,ro,4,,,14.7,15.92,39.8,Inner,Alive,No,new band added,
C5,724,102,2023,beech,4,12.62,16.9,37.22,40.81,,Inner,Stressed,No,bld,
C5,733,102,2023,rm,2,73.23,14.70,NA,,,No Measurement,Alive,No,,removed band
C5,733,102,2023,rm,3,15.43,14.70,18.35,19.94,,Inner,Alive,No,,
C5,831,102,2023,beech,3,22.24,13.7,40.31,43.31,,Inner,Alive,No,,needs new band 14.7 cm DBH
C5,831,110,2023,beech,4,,,17.62,18.18,14.7,Inner,Alive,No,new band added,
C5,888,102,2023,rm,1,7.48,13.7,7.83,7.84,,Inner,Alive,No,,
C5,800,102,2023,beech,1,12.72,10.0,22.93,27.26,,Inner,Alive,No,,
D1,266,102,2023,wp,4,37.86,47.1,59.75,61.61,,Inner,Stressed,No,bld,
D1,524,102,2023,rm,1,10.47,10.3,18.32,18.67,,Inner,Alive,No,,
D1,526,102,2023,rm,1,61.89,20.5,87.1,88.39,,Inner,Alive,No,,
D1,527,102,2023,rm,2,57.87,13.9,68.77,68.21,,Inner,Alive,No,,needs new band 13.7 cm DBH
D1,527,110,2023,rm,3,,,7.12,6.45,13.7,Inner,Alive,No,,
D1,529,102,2023,rm,2,15.82,25.5,40.48,42.53,,Inner,Alive,No,,
D1,530,102,2023,bo,2,27.20,29.9,50.73,53.52,,Inner,Alive,No,,
D1,531,102,2023,bo,2,57.28,35.3,92.56,96.65,36.7,Inner,Alive,Yes,need new band 36.7 dbh ,
D1,532,102,2023,ro,4,62.19,43.2,123.38,,,No Measurement,Alive,No,unmeasurable,needs new band 45.2 cm DBH
D1,532,110,2023,ro,5,,,12.59,17.89,45.2,Inner,Alive,No,new band added,
D1,537,102,2023,rm,2,31.34,14.7,59.02,61.08,,Inner,Alive,No,,
D1,538,102,2023,ro,3,32.68,54.2,74.68,77.79,,Inner,Alive,No,,
D1,540,102,2023,rm,2,32.92,12.6,38.87,39.18,,Inner,Alive,No,,
D1,541,102,2023,rm,1,35.92,12.5,43.59,,,No Measurement,Dead,No,dead - snapped,
D1,544,102,2023,ro,2,61.88,35.2,106.31,111.12,36.8,Inner,Alive,Yes,need new band 36.8DBH,
D1,545,102,2023,rm,2,70.02,15.90,NA,,,No Measurement,Alive,No,too big to measure - move to just band 3,
D1,545,102,2023,rm,3,14.81,15.90,18.02,19.71,,Inner,Alive,No,,
D1,546,102,2023,ro,3,19.92,52.8,54.48,59.31,,Inner,Alive,No,,
D1,549,102,2023,rm,1,57.18,13.0,68.85,70.34,,Inner,Alive,No,,"need new band, 13.4 cm DBH"
D1,549,110,2023,rm,2,,,15.39,14.33,13.4,Inner,Alive,No,new band added,
D1,551,102,2023,wp,1,71.52,22.2,75.72,75.42,probably dead,Inner,Alive,No,,
D1,552,102,2023,rm,1,50.12,12.9,60.37,60.67,,Inner,Alive,No,,
D1,832,102,2023,hem,4,23.34,16.20,31.94,40.01,,Inner,Alive,No,,
D2,288,102,2023,hem,5,16.98,24.0,55.6,59,,Inner,Alive,No,,
D2,576,102,2023,rm,1,63.23,18.9,67.23,67.6,,Inner,Alive,No,,
D2,579,102,2023,yb,1,52.41,12.1,61.61,62.86,,Inner,Alive,Yes,,need new band 12.2 cm DBH
D2,580,102,2023,rm,2,15.30,30.2,32.66,33.07,,Inner,Alive,No,,
D2,582,102,2023,rm,1,40.21,16.8,44.55,44.54,,Inner,Alive,No,,
D2,583,102,2023,rm,1,59.74,21.9,69.69,70.3,,Inner,Alive,No,,
D2,587,102,2023,ro,6,37.33,50.5,78.24,84.3,,Inner,Alive,No,,
D2,588,102,2023,ro,4,63.32,43.6,108.5,113.3,44.5,Inner,Alive,Yes,need new band 44.5dbh,need new band 45.6 cm DBH
D2,590,102,2023,rm,1,28.66,27.6,29.24,29.34,,Inner,Alive,No,,
D2,592,102,2023,rm,1,38.27,15.1,41.38,41.99,,Inner,Alive,No,,
D2,594,102,2023,cherry,1,65.30,29.1,72.46,73.02,,Inner,Alive,No,,
D3,265,102,2023,beech,5,24.36,16.3,50.82,56.03,,Inner,Alive,No,,
D3,584,102,2023,beech,1,13.57,10.2,32.05,33.47,,Inner,Alive,No,,
D3,604,102,2023,rm,2,13.93,28.2,43.41,54.34,,Inner,Alive,No,,
D3,605,102,2023,rm,2,7.44,34.4,24.58,23.49,,Inner,Alive,No,,
D3,606,102,2023,rm,4,25.81,59.1,58.09,63.7,,Inner,Alive,No,,
D3,608,102,2023,rm,2,31.73,35.2,53.5,55.32,,Inner,Alive,No,new: 22.42,
D3,608,102,2023,rm,3,,,,22.42,,Inner,Alive,No,,
D3,609,102,2023,rm,2,32.44,33.9,69.85,73.81,,Inner,Alive,No,,
D3,611,102,2023,rm,2,61.10,21.9,79.95,80.87,,Inner,Alive,No,,
D3,612,102,2023,rm,1,49.29,22.3,51.05,51.04,,Inner,Alive,No,,
D3,613,102,2023,ro,6,13.69,75.9,101.99,115.23,,Inner,Alive,No,,
D3,615,102,2023,ro,3,53.96,24.1,90.13,94.24,,Inner,Alive,No,,
D3,618,102,2023,rm,2,26.04,29.9,42.9,44.97,,Inner,Alive,No,,
D3,619,102,2023,rm,1,57.75,14.5,67.65,68.63,,Inner,Alive,No,,
D4,262,102,2023,rm,4,30.13,16.0,68.04,71.67,,Inner,Alive,No,,
D4,626,102,2023,rm,2,16.01,27.14,44.94,44.96,,Inner,Alive,No,,
D4,627,102,2023,cherry,1,71.55,38.4,89.69,90.46,,Inner,Alive,No,,
D4,628,102,2023,cherry,1,43.92,26.7,50.2,50.2,,Inner,Alive,No,,
D4,631,102,2023,ash,3,16.85,41.70,26.75,27.79,,Inner,Alive,No,,
D4,633,102,2023,rm,7,33.48,27.3,100.29,110.2,,Outer,Alive,No,inner 39.12,
D4,637,102,2023,ash,2,15.42,42.4,23.9,24.76,,Inner,Alive,No,,
D4,638,102,2023,ash,3,17.97,41.3,31.8,32.49,,Inner,Alive,No,,
D4,639,102,2023,bo,5,25.38,34.7,82,92.56,,Inner,Alive,No,,
D4,640,102,2023,rm,3,38.88,30.7,104.7,113.22,,Inner,Alive,No,,need new band 33.0 cm DBH
D4,640,110,2023,rm,4,,,13.79,17.9,33,Inner,Alive,No,new band added,
D4,643,102,2023,cherry,2,15.91,45.1,35.2,36.8,,Inner,Alive,No,,
D4,708,102,2023,rm,1,7.68,10.0,41.73,46.69,,Inner,Alive,No,,
D4,732,102,2023,rm,3,36.09,16.2,60.25,62.16,,Inner,Alive,No,,
D4,803,102,2023,rm,1,9.15,10.2,9.06,5.56,,Inner,Dead,No,dead,
D4,804,102,2023,rm,1,32.17,10.8,64.94,67.85,,Inner,Alive,No,,need new band 12 cm DBH
D4,804,110,2023,rm,2,,,15.62,16.73,12,Inner,Alive,No,new band added,
D4,834,102,2023,beech,4,15.83,16.7,46.56,54.06,,Inner,Alive,No,,
D5,208,102,2023,beech,3,14.24,14.4,55.58,59.36,,Inner,Alive,No,,
D5,261,102,2023,hem,2,28.08,13.5,33.22,33.74,,Inner,Alive,No,,
D5,652,102,2023,rm,1,87.34,32.8,93.52,92.95,,Inner,Alive,No,,
D5,654,102,2023,ro,2,21.44,17.3,50.82,51.76,,Inner,Alive,No,,
D5,658,102,2023,rm,2,30.80,30.4,62.21,63.16,,Inner,Alive,No,,
D5,664,102,2023,bo,1,39.81,13.5,46.82,47.28,,Inner,Alive,No,,
D5,665,102,2023,rm,1,30.11,18.8,33.11,32.89,,Inner,Alive,No,,
D5,667,102,2023,rm,2,26.97,18.2,44.22,46.66,,Inner,Alive,No,,
D5,669,102,2023,rm,1,53.65,12.1,64.69,64.34,,Inner,Dead,No,dead - snapped,need new band 12.8 cm DBH
D5,670,102,2023,wb,1,77.49,35.9,94.98,96.52,,Inner,Alive,No,,
D5,671,102,2023,rm,1,45.60,23.3,51.37,51.64,,Inner,Alive,No,,
D5,707,102,2023,hem,1,16.32,10.4,71.12,80.86,13.5,Inner,Alive,Yes,need new band ,
D5,835,102,2023,hem,3,20.13,14.0,NA,,,Inner,Alive,No,too big,too big 16.8 cm DBH
D5,835,110,2023,hem,4,,,14.91,20.69,16.8,Inner,Alive,No,new band added,
D5,890,102,2023,hem,2,14.41,12.9,22.02,24.93,,Inner,Alive,No,,
E1,209,103,2023,hem,2,69.19,14.20,NA,,,Inner,Alive,No,,
E1,209,103,2023,hem,3,13.32,14.20,16.88,17.13,,Inner,Alive,No,,
E1,676,103,2023,ro,2,9.91,50.7,32.72,36.7,,Inner,Alive,No,,
E1,677,103,2023,hem,3,53.24,30.8,79.79,82.08,,Inner,Alive,No,,
E1,678,103,2023,hem,2,8.91,17.8,35,38.43,,Inner,Alive,No,,
E1,679,103,2023,rm,2,43.09,47.3,76.05,77.03,,Inner,Alive,No,,
E1,680,103,2023,yb,1,37.94,17.6,40.61,40.84,,Inner,Alive,No,,
E1,683,103,2023,rm,2,74.48,39.3,105.25,106.32,,Inner,Alive,No,,needs new band
E1,683,103,2023,rm,3,19.25,,19.25,18.71,40.60,Inner,Alive,No,new band added (18.71 new reference),
E1,684,103,2023,yb,2,24.65,32.2,44.75,44.5,,Inner,Alive,No,,
E1,727,103,2023,yb,2,16.83,13.1,26.76,26.93,,Inner,Alive,No,,
E1,806,103,2023,hem,1,28.13,11.0,68.38,76.23,,Inner,Alive,No,,
E1,836,103,2023,hem,2,27.77,13.0,68.92,73.46,,Inner,Alive,No,,
E1,900,103,2023,hem,1,30.89,11.0,46.12,49.3,,Inner,Stressed,No,tipped & broken,
E1,989,103,2023,hem,1,9.56,10.7,51.28,55.15,,Inner,Alive,No,leaning,
E2,701,103,2023,rm,1,43.21,17.8,62.48,63.52,,Inner,Alive,No,,
E2,703,103,2023,ro,2,132.25,43.30,NA,na ,,Inner,Alive,No,,
E2,703,103,2023,ro,3,23.26,43.30,34.48,41.4,,Inner,Alive,No,,
E2,705,103,2023,ro,3,13.33,37.4,85.75,93.38,,Inner,Alive,Yes,need new band dbh=40,
E2,710,103,2023,ro,4,22.66,42.9,52.7,62.1,,Inner,Alive,No,,
E2,712,103,2023,rm,1,39.77,18.1,54.03,54.28,,Inner,Alive,No,,
E2,713,103,2023,rm,1,59.75,28.5,78.91,79.59,,Inner,Alive,No,,
E2,719,103,2023,rm,1,63.85,21.3,89.85,90.22,,Inner,Alive,Yes,New band needed dbh=22,
E2,720,103,2023,rm,2,21.87,14.7,62.11,64.64,,Outer,Alive,No,closer hole 48.05.     Now is 50.50,47.2 at  closer hole
E2,720,103,2023,rm,2,,,48.05,50.5,,Inner,Alive,No,,
E3,205,103,2023,rm,2,26.11,11.2,34.07,34.97,,Inner,Alive,No,,
E3,228,103,2023,hem,3,17.47,17.0,56.44,62.76,,Inner,Alive,No,,
E3,521,103,2023,hem,1,15.84,11.2,46.64,48.21,,Inner,Stressed,No,tipped & root out 20-deg,
E3,723,103,2023,hem,2,24.44,14.1,38.56,38.63,,Inner,Alive,No,,
E3,738,103,2023,rm,2,14.98,12.0,20.63,20.46,,Inner,Alive,No,,
E3,752,103,2023,ro,3,87.36,59.1,145.44,na,,Inner,Alive,No,old band,needs new band
E3,752,103,2023,ro,4,18.70,,18.70,21.33,61.80,Inner,Alive,No,new band added,
E3,753,103,2023,ro,3,63.75,49.5,115.9,121.51,,Inner,Alive,No,old band was removed,needs new band
E3,753,103,2023,ro,4,47.17,,47.17,50.49,51.40,Inner,Alive,No,new band added,
E3,756,103,2023,rm,1,87.65,27.0,104.46,104.75,,Inner,Alive,No,,needs new band
E3,756,103,2023,rm,2,15.33,,15.33,12.63,27.40,Inner,Alive,No,new band added,
E3,760,103,2023,ro,2,58.28,28.1,101.6,105.81,,Inner,Alive,No,,needs new band
E3,760,103,2023,ro,3,18.00,,18.00,20.63,29.70,Inner,Alive,No,new band added,
E3,761,103,2023,ro,2,66.72,37.3,110.92,116.13,,Inner,Alive,Yes,needs new,
E3,763,103,2023,ro,2,82.22,42.5,125.96,130.94,,Inner,Alive,No,,needs new band
E3,763,103,2023,ro,3,17.77,,17.77,21.62,44.10,Inner,Alive,No,new band added,
E3,764,103,2023,ro,3,40.28,37.5,77.11,82.46,,Inner,Alive,No,,
E3,765,103,2023,ro,2,49.75,31.2,91.46,95.01,,Inner,Alive,No,,
E3,766,103,2023,ro,2,75.68,42.8,128.33,na,,Inner,Alive,No,old band,needs new band
E3,766,103,2023,ro,3,27.36,,27.36,33.48,44.80,Inner,Alive,No,new band added,
E3,767,103,2023,rm,1,32.51,16.0,34.54,34.68,,Inner,Alive,No,,
E3,768,103,2023,rm,2,20.07,17.1,26.59,26.32,,Inner,Alive,No,,
E3,769,103,2023,ro,3,48.24,45.8,NA,na,,Inner,Alive,No,,had reached end of band
E3,769,103,2023,ro,4,32.29,,32.29,37.89,48.70,Inner,Alive,No,new band added,
E3,772,103,2023,ro,2,32.22,23.3,39.72,40.22,,Inner,Alive,No,,
E3,773,103,2023,ro,2,17.73,29.3,31.88,34.13,,Inner,Alive,No,,
E3,774,103,2023,rm,1,22.47,12.4,22.75,23.28,,Inner,Alive,No,,
E3,775,103,2023,ro,2,63.96,37.1,114.5,120.63,,Inner,Alive,Yes,needs new band dbh=39,
E3,777,103,2023,rm,2,13.09,18.5,NA,na,,Inner,Alive,No,,band was damaged
E3,777,103,2023,rm,3,25.15,,25.15,26.85,19.10,Inner,Alive,No,new band added,
E3,811,103,2023,hem,2,15.51,12.6,28.2,32,,Inner,Alive,No,,
E3,812,103,2023,hem,1,38.78,11.0,65.72,66.52,,Inner,Alive,No,,
E3,813,103,2023,hem,2,13.30,12.5,24.55,29,,Inner,Alive,No,,
E3,896,103,2023,hem,1,22.59,10.8,41.07,40.77,,Inner,Stressed,No,almost dead,
E3,993,103,2023,hem,1,17.54,10.3,58.72,63.42,,Inner,Alive,No,leaning slightly,
E4,802,103,2023,ro,3,63.08,37.7,88.57,91.53,,Inner,Alive,Yes,new band needed conjooned with 803,
E4,803,103,2023,ro,3,NA,NA,19.53,21.48,,Inner,Alive,No,,
E4,805,103,2023,wp,3,48.68,48.4,84.79,87.83,,Inner,Alive,No,,
E4,810,103,2023,rm,2,23.01,26.0,68.55,72.33,,Inner,Alive,No,,
E4,815,103,2023,ro,3,50.75,32.2,93.35,97.72,,Inner,Alive,Yes,New band needed dbh is 33.9,
E4,817,103,2023,rm,2,22.23,12.6,25.1,25.68,,Inner,Alive,No,,
E4,821,103,2023,rm,2,74.85,30.2,123.53,126.99,,Inner,Alive,Yes,New band needed dbh is 32.5,
E4,822,103,2023,rm,1,22.68,12.4,30.31,30.27,,Inner,Alive,No,,
E4,827,103,2023,rm,1,28.50,13.0,37.94,39.09,,Inner,Alive,No,,
E4,830,103,2023,ro,3,72.66,35.6,121.31,na,,Inner,Alive,No,old band ,needs new band
E4,830,103,2023,ro,4,23.07,,23.07,26.89,37.35,Inner,Alive,No,new band added,
E4,834,103,2023,rm,1,76.96,26.5,93.7,94.95,,Inner,Alive,No,,
E4,835,103,2023,rm,1,28.48,16.2,32.9,32.83,,Inner,Alive,No,,
E4,843,103,2023,rm,3,17.66,22.4,28.6,28.48,,Inner,Alive,No,,
E4,844,103,2023,rm,1,45.42,17.4,50.33,50.2,,Inner,Alive,No,,
E4,853,103,2023,ro,4,17.45,43.0,36.63,45,,Inner,Alive,No,,
E4,854,103,2023,hem,3,18.59,20.3,29.02,32.74,,Inner,Alive,No,,
E5,734,103,2023,hem,2,14.82,14.9,21.79,21.82,,Inner,Alive,No,,
E5,876,103,2023,hem,2,84.10,32.1,87.07,87.44,,Inner,Alive,No,,
E5,877,103,2023,rm,3,38.28,23.5,64.5,69.12,,Inner,Alive,No,,
E5,878,103,2023,hem,2,59.76,23.4,81.55,81.13,,Inner,Stressed,Yes,"band is loose, stressed",
E5,879,103,2023,wp,1,66.83,28.9,74.8,75.28,,Inner,Alive,No,,
E5,880,103,2023,ro,3,42.14,38.5,76.5,80.86,,Inner,Alive,No,,
E5,884,103,2023,wp,1,65.15,36.4,66.47,67.22,,Inner,Alive,No,,
E5,885,103,2023,rm,2,20.37,23.7,37.31,39.47,,Inner,Alive,No,,
E5,889,103,2023,hem,3,26.74,29.2,51.33,53.17,,Inner,Alive,No,,
E5,890,103,2023,ro,2,35.36,21.4,94.14,99.17,,Inner,Alive,Yes,new band needed dbh 23.6,
E5,891,103,2023,rm,1,65.69,21.7,79.85,80.54,,Inner,Alive,No,,
E5,892,103,2023,rm,1,31.29,20.3,35.81,36.06,,Inner,Alive,No,,
E5,893,103,2023,hem,2,20.44,26.2,25.56,25.81,,Inner,Alive,No,,
E5,895,103,2023,rm,1,89.90,23.3,114.88,117.2,,Inner,Alive,No,removed,new band 24.1 cm
E5,895,103,2023,rm,2,9.73,,9.73,8.79,24.10,Inner,Alive,No,new band added,
E5,899,103,2023,wp,3,68.26,56.2,113.62,119.82,,Inner,Alive,No,removed,"new band, 58.65 (not clear if it is 65 or 05)"
E5,899,103,2023,wp,4,9.78,,9.78,14.24,58.65,Inner,Alive,No,new band added,
E5,900,103,2023,rm,1,45.84,18.2,58.2,58.66,,Inner,Alive,No,,
E5,901,103,2023,wp,2,14.39,34.3,19.44,18.51,,Inner,Dead,No,Dead,
E5,902,103,2023,hem,2,30.86,13.7,29.87,29.09,,Inner,Dead,No,Dead,
E5,903,103,2023,ro,3,62.56,33.6,123.86,129.45,,Inner,Alive,Yes,new band needed - DBH 35.40,
E5,904,103,2023,rm,1,38.45,17.0,43.9,44,,Inner,Alive,No,,
E5,905,103,2023,hem,3,25.68,23.5,34.77,34.96,,Inner,Alive,No,,
E5,908,103,2023,rm,2,82.31,30.0,133.4,137.71,,Inner,Alive,No,removed,new band
E5,908,103,2023,rm,3,9.66,,9.66,9.80,31.90,Inner,Alive,No,new band added,
E5,909,103,2023,rm,2,37.08,21.8,63.3,65.29,,Outer,Alive,No,,inner mark is 24.78
E5,910,103,2023,rm,2,14.09,23.2,43.74,47.49,,Inner,Alive,No,,
E5,911,103,2023,hem,2,27.15,46.2,48.52,49.29,,Inner,Alive,No,,
E5,992,103,2023,chestnut,1,9.33,10.2,38.76,42.44,,Inner,Alive,No,,
F1,202,103,2023,hem,3,24.80,16.2,74.84,80.75,,Inner,Alive,No,,
F1,210,103,2023,hem,2,41.75,12.3,59.66,60.11,,Inner,Alive,No,,
F1,235,103,2023,hem,2,15.45,12.9,43.46,43.38,,Inner,Dead,No,Dead,
F1,236,103,2023,hem,4,27.18,16.8,51.41,58.18,,Inner,Alive,No,,
F1,297,103,2023,hem,4,24.37,15.30,62.9,67.57,,Inner,Alive,No,,
F1,579,103,2023,hem,1,10.19,10.1,NA,,,No Measurement,Dead,No,dead,dead
F1,808,103,2023,hem,1,26.01,10.8,71.23,73.57,,Inner,Stressed,No,tipped - root out,
F1,837,103,2023,hem,2,22.41,14.4,43.1,49.41,,Inner,Alive,No,,
F1,916,103,2023,rm,1,12.34,10.2,53.34,60.86,,Inner,Alive,Yes,,new band
F1,930,103,2023,hem,3,128.19,63.40,NA,Na,,No Measurement,Alive,No,,
F1,930,103,2023,hem,4,25.60,63.40,36.69,37.83,,Inner,Alive,No,band slack,
F1,933,103,2023,rm,3,12.57,21.4,55.72,59.42,,Inner,Alive,No,,
F1,934,103,2023,rm,1,26.48,16.0,64.3,66.69,,Inner,Alive,No,,
F1,936,103,2023,rm,2,16.26,14.0,53.57,59.03,,Inner,Alive,No,,
F1,937,103,2023,rm,5,51.91,34.0,107.27,112.6,,Inner,Alive,No,new band 9.57,new band
F1,937,103,2023,rm,6,,,,9.57,,Inner,Alive,No,,
F1,938,103,2023,rm,4,66.52,31.3,120.6,126.02,,Inner,Alive,No,,new band
F1,938,103,2023,rm,5,33.38,,33.38,,33.30,Inner,Alive,No,new band added 10.45,
F1,941,103,2023,rm,1,94.21,27.5,120.11,120.57,,Inner,Alive,No,,new band 7.74
F1,941,103,2023,rm,2,28.10,,28.1,,28.00,Inner,Alive,No,new band added,
F1,947,103,2023,rm,2,,,,8.25,,Inner,Alive,No,,
F1,947,103,2023,rm,1,55.10,18.4,90.91,94.49,,Inner,Alive,No,,new band 8.25
F1,948,103,2023,rm,2,37.89,23.2,75.58,80.37,,Inner,Alive,No,,
F1,949,103,2023,bo,3,34.59,39.3,113.76,126.19,,Inner,Alive,No,14.26mm new band,new band
F1,949,103,2023,bo,4,,,,14.26,,Inner,Alive,No,,
F1,950,103,2023,rm,3,,,,8.28,,,,,,
F1,950,103,2023,rm,2,23.94,11.2,60.52,64.71,,Inner,Alive,No,,new band 8.28
F2,825,109,2023,hem,1,15.85,10.0,29.94,31.58,,Inner,Alive,No,,
F2,838,109,2023,bb,1,25.45,10.7,48.34,50.7,,Inner,Alive,No,,
F2,922,109,2023,hem,1,21.04,9.9,20.83,20.64,,Inner,Dead,No,dead,
F2,977,109,2023,rm,2,36.93,19.9,67.98,69.98,,Outer,Alive,No,small hole: 10.95. Now:12.88. New band: 13.51,new band
F2,977,109,2023,rm,2,,,10.95,12.88,,Inner,Alive,No,,
F2,977,109,2023,rm,3,,,,13.51,,Inner,Alive,No,,
F2,978,109,2023,yb,1,29.41,11.4,40.14,40.84,,Inner,Alive,No,,
F2,980,109,2023,hem,1,77.82,33.4,85.38,86.3,,Inner,Alive,No,,
F2,983,109,2023,yb,1,46.83,20.4,50.62,51.29,,Inner,Alive,No,,
F2,984,109,2023,rm,2,46.02,43.2,85.41,86.22,,Inner,Alive,No,,
F2,985,109,2023,yb,3,28.39,17.6,53.59,55.09,,Inner,Alive,No,,
F2,986,109,2023,rm,1,35.33,21.0,38.94,38.83,,Inner,Alive,No,,
F2,987,109,2023,rm,1,32.50,24.2,37.09,37.08,,Inner,Alive,No,,
F2,988,109,2023,bb,2,32.37,20.0,67.72,69.49,,Inner,Alive,No,,
F2,990,109,2023,bb,2,18.22,20.6,37.71,39.5,,Inner,Alive,No,,
F2,991,109,2023,ro,3,73.80,48.7,116.67,119.5,,Inner,Alive,Yes,Remake band,new band
F2,992,109,2023,ro,4,35.17,64.6,65.32,71.36,,Inner,Alive,No,,
F2,993,109,2023,bb,2,26.50,16.1,53.99,56.4,,Inner,Alive,No,,
F2,994,109,2023,yb,1,40.72,12.4,50.16,50.18,,Inner,Alive,No,,
F2,995,109,2023,ro,4,49.01,36.9,76.41,82.51,,Outer,Alive,No,smaller hole: 28.73,smaller hole; 28.57
F2,995,109,2023,ro,4,,,28.57,28.73,,Inner,Alive,No,,
F3,1,109,2023,rm,3,18.00,17.7,24.13,25.03,,Inner,Alive,No,,
F3,2,109,2023,hem,3,55.59,23.3,97.3,101.11,,Inner,Alive,Yes,needs new band dbh 25,
F3,3,109,2023,wp,2,17.04,34.5,23.74,23.46,,Inner,Dead,No,dead - top snapped 4m,
F3,4,109,2023,hem,2,26.09,16.4,42.79,42.81,,Inner,Alive,No,,second stem
F3,5,109,2023,yb,2,37.70,19.6,59.31,60.26,,Inner,Alive,No,,
F3,6,109,2023,rm,2,50.37,20.7,59.48,59.11,,Inner,Alive,No,,
F3,7,109,2023,hem,4,19.81,25.7,56.69,62.27,,Inner,Alive,No,,
F3,8,109,2023,ro,5,23.53,68,80.15,87.67,,Inner,Alive,No,,
F3,9,109,2023,rm,2,45.23,29.10,69.22,69.51,,Inner,Alive,No,,
F3,11,109,2023,wp,3,37.98,25.1,64.75,67.13,,Inner,Alive,No,,
F3,12,109,2023,hem,6,22.09,33.2,34.86,37.55,,Inner,Alive,No,,
F3,535,109,2023,hem,2,49.85,16.0,87.38,89.26,,Outer,Alive,No,,inner mark; 49.82
F3,737,109,2023,hem,3,7.98,16.20,8.99,9.54,,Inner,Alive,No,,
F3,823,109,2023,yb,1,7.85,10.0,12.73,12.5,,Inner,Alive,No,,
F3,824,109,2023,bb,1,14.57,10.0,35.6,38.77,,Outer,Alive,No,"inner: 25.60, now is 28.90",inner mark; 25.56
F3,824,109,2023,bb,1,,,25.6,28.9,,Inner,Alive,No,,
F3,839,109,2023,bb,2,34.18,12.8,76.35,79.71,,Inner,Alive,Yes,needs new band 14.6 dbh,
F3,914,109,2023,hem,1,NA,10.4,32.68,32.69,,Inner,Alive,No,,
F4,29,103,2023,ro,2,38.27,38.7,54.9,58.86,,Inner,Alive,No,,
F4,35,103,2023,ro,4,48.69,35.1,90.51,94.85,,Inner,Alive,Yes,needs new band still,
F4,36,103,2023,ro,3,133.00,41.3,NA,na,,Inner,Alive,No,old band,
F4,36,103,2023,ro,4,16.61,41.3,47.26,55.5,,Outer,Alive,No,,inner ;12.5
F4,42,103,2023,rm,2,10.54,24.6,27.47,28.02,,Inner,Alive,No,,
F4,46,103,2023,rm,1,33.50,14.8,44,45.69,,Inner,Alive,No,,
F4,49,103,2023,ro,3,69.47,37.6,NA,NA,,No Measurement,Alive,No,Old band measurement,
F4,49,103,2023,ro,4,NA,NA,26.14,33.62,,Inner,Alive,No,,
F4,50,103,2023,ro,2,71.41,30.6,122.65,127.57,,Inner,Alive,Yes,needs new band still,new band
F4,51,103,2023,ro,2,61.44,29.5,113.38,119.04,,Inner,Alive,No,new band 20.57,new band
F4,51,103,2023,ro,3,,,,20.57,,Inner,Alive,No,,
F4,55,103,2023,bb,2,54.94,25.5,88.74,90.15,,Inner,Alive,No,,
F4,62,103,2023,wp,2,27.96,27.5,27.22,27.04,,Inner,Alive,No,,
F4,64,103,2023,wp,1,82.84,31.0,88.89,91.65,,Inner,Alive,No,,
F4,68,103,2023,rm,2,41.65,16.7,43.67,43.82,,Inner,Alive,No,,
F4,71,103,2023,rm,1,53.35,20.4,66.18,66.88,,Inner,Alive,No,,
F4,73,103,2023,wp,4,70.22,74.3,109.7,113.59,,Inner,Alive,Yes,needs new band,new band
F4,735,103,2023,ash,2,,,78.36,80.97,,Inner,Alive,No,,
F4,735,103,2023,ash,2,49.03,26.2,97.39,100.38,,Outer,Alive,No,Now inner: 80.97 ,"inner 43.6, middle 78.36"
F5,76,103,2023,wp,3,59.29,47.1,NA,na,,Inner,Alive,No,,
F5,76,103,2023,wp,4,NA,NA,25.79,32.54,,Inner,Alive,No,,
F5,81,103,2023,ro,3,15.16,31.1,54.77,62.12,,Outer,Alive,No,,inner 45.8
F5,84,103,2023,ro,2,21.76,24.5,32.27,35.38,,Inner,Alive,No,,
F5,86,103,2023,hem,3,24.36,27.3,57.1,58.72,,Inner,Alive,No,,
F5,87,103,2023,ro,1,83.27,21.1,106.17,108.88,,Inner,Alive,No,new band: 15.35,new band
F5,87,103,2023,ro,2,,,,15.35,,Inner,Alive,No,,
F5,94,103,2023,rm,2,47.33,18.8,55.93,56.13,,Inner,Alive,No,,
F5,97,103,2023,cherry,2,14.26,27.3,16.03,15.95,,Inner,Stressed,No,Might be dead?,
F5,98,103,2023,hem,4,27.43,27.7,56.7,58.12,,Inner,Alive,No,,
F5,99,103,2023,hem,3,63.67,31.5,88.1,89.16,,Inner,Alive,No,,
F5,104,103,2023,rm,1,60.02,20.8,63.55,63.5,,Inner,Alive,No,,
F5,109,103,2023,ro,3,20.95,41.8,45.4,52.31,,Inner,Alive,No,,
F5,110,103,2023,ro,3,13.82,32.0,82.2,90.69,,Inner,Alive,No,,
F5,114,103,2023,ro,2,44.78,24.8,61.08,64.1,,Inner,Alive,No,,
F5,117,103,2023,wp,5,60.07,52.0,127.78,not possible,,No Measurement,Alive,Yes,needs new band 54 dbh,"dendrometer past mark, est.*"
F5,126,103,2023,rm,1,31.46,17.6,35.71,35.83,,Inner,Alive,No,,
F5,127,103,2023,rm,1,42.72,12.7,53.25,53.8,,Inner,Alive,No,,
F5,133,103,2023,ro,3,,,,7.63,,Inner,Alive,No,,
F5,133,103,2023,ro,2,71.75,36.4,120.72,126.52,,Inner,Alive,No,new band 7.63,new band
G1,153,103,2023,rm,3,15.85,17.8,93.22,100.29,,Inner,Alive,No,,
G1,165,103,2023,rm,2,11.55,16.1,74.3,78.87,,Inner,Alive,No,,
G1,175,103,2023,ro,4,35.37,34.7,91.33,105.22,,Inner,Alive,No,needs new band,new band 16.58
G1,175,103,2023,ro,5,,,,16.58,,Inner,Alive,No,,
G1,176,103,2023,rm,4,12.96,23.2,42.18,44.84,,Outer,Alive,No,used previous inner hole: 42.29,inner hole; 42.29
G1,211,103,2023,beech,3,20.09,14.1,49.2,50.35,,Inner,Alive,No,,
G1,571,103,2023,hem,1,9.49,11.7,37.57,38.97,,Inner,Alive,No,,
G1,703,103,2023,hem,1,12.59,10.0,27.45,29.31,,Inner,Alive,No,,
G1,704,103,2023,rm,1,11.05,10.2,67.44,74.1,,Inner,Alive,No,,new band 10.41
G1,704,103,2023,rm,2,,,,10.41,,Inner,Alive,No,,
G1,705,103,2023,bb,1,12.08,10.5,21.83,29.1,,Inner,Alive,No,,
G1,728,103,2023,rm,2,13.10,12.3,31.11,33.06,,Inner,Alive,No,,
G1,809,103,2023,hem,2,15.12,12.9,21.42,21.74,,Inner,Alive,No,,
G1,898,103,2023,hem,1,29.50,11.5,53.01,52.89,,Inner,Alive,No,,
G1,910,103,2023,hem,1,10.42,11.2,52.88,56.44,,Inner,Alive,No,,
G1,913,103,2023,rm,1,20.65,11.8,64.01,70.16,,Inner,Alive,No,needs new band,new band 16.81
G1,913,103,2023,rm,2,,,,16.81,,Inner,Alive,No,,
G1,917,103,2023,beech,1,11.09,10.3,38.36,43.91,,Inner,Alive,No,,
G1,918,103,2023,hem,1,14.72,10,17.92,17.77,,Inner,Alive,No,,
G1,919,103,2023,hem,1,10.38,10.0,23.54,27.81,,Inner,Alive,No,,
G1,920,103,2023,rm,1,21.07,10.0,21.92,21.79,,Inner,Stressed,No,broken above 1st branch,
G1,921,103,2023,hem,1,14.08,10.3,30.29,33.77,,Inner,Stressed,No,bent over,
G1,991,103,2023,rm,1,8.00,10.5,NA,25.26,,Inner,Alive,No,,Est. band past mark
G1,991,103,2023,rm,2,20.70,,20.7,,,Inner,Alive,No,added new band,
G2,202,103,2023,hem,2,25.06,42.6,38.24,38.97,,Inner,Alive,No,,
G2,204,103,2023,hem,2,40.82,45.0,62,63.48,,Inner,Alive,No,,
G2,205,103,2023,yb,1,23.53,12.9,25.53,25.73,,Inner,Alive,No,,not clear if .86 or .80
G2,206,103,2023,cherry,2,30.87,52.1,55.92,57.16,,Inner,Alive,No,,
G2,207,103,2023,hem,2,59.71,38.0,88.66,92.14,,Inner,Alive,No,,
G2,209,103,2023,hem,2,27.19,32.8,42.21,42.75,,Inner,Alive,No,,
G2,210,103,2023,hem,3,44.58,50.5,84.29,86.06,,Inner,Alive,No,,
G2,211,103,2023,ro,3,51.38,32.5,87.38,92.59,,Inner,Alive,No,,
G2,213,103,2023,hem,1,66.09,38.3,67.92,68.07,,Inner,Alive,No,,
G2,214,103,2023,hem,2,68.74,41.3,90.09,90.74,,Inner,Alive,No,,
G2,215,103,2023,hem,1,29.55,15.7,31.36,31.41,,Inner,Alive,No,,
G2,216,103,2023,hem,1,58.20,20.0,62.53,62.65,,Inner,Alive,No,,
G2,217,103,2023,hem,3,56.11,44.3,74.44,77.78,,Inner,Alive,No,,
G2,219,103,2023,hem,1,82.21,28.5,101.18,101.51,,Inner,Alive,Yes,needs new band dbh:28.8 ,
G2,222,103,2023,hem,1,22.24,15.1,26.85,27.64,,Inner,Alive,No,,
G2,224,103,2023,hem,2,55.87,47.3,80.48,82.84,,Inner,Alive,No,,
G2,225,103,2023,hem,1,73.24,32.9,81.73,81.88,,Inner,Alive,No,,
G2,226,103,2023,hem,1,93.90,26.0,108.7,109.05,,Inner,Alive,No,needs new band,new band 7.85
G2,226,103,2023,hem,2,,,,7.85,,Inner,Alive,No,,
G2,823,103,2023,hem,1,12.14,10.0,12.66,12.34,,Inner,Alive,No,,
G4,251,103,2023,rm,1,20.64,15.3,23.11,23.14,,Inner,Alive,No,in water,
G4,256,103,2023,bb,2,47.88,21.3,81.79,82.41,,Outer,Alive,No,New inner 22.32,inner; 21.74
G4,256,103,2023,bb,2,,,21.74,22.32,,Inner,Alive,No,,
G4,257,103,2023,ro,2,29.12,37.0,55.1,56.85,,Outer,Alive,No,inner: ,inner; 23.07
G4,258,103,2023,bb,1,31.59,20.5,35.31,35.39,,Inner,Stressed,No,barely alive,
G4,261,103,2023,rm,1,78.40,24.6,100.98,101.98,,Inner,Alive,No,,
G4,263,103,2023,rm,2,17.57,23.6,31.65,32.63,,Inner,Alive,No,,
G4,264,103,2023,rm,3,36.03,18.3,46.65,na,,No Measurement,Dead,No,dead,still alive but on side
G5,90,103,2023,bb,2,15.46,14.1,40.87,42.77,,Inner,Alive,No,,
G5,231,103,2023,yb,1,22.02,11.2,28.01,28.28,,Inner,Alive,No,,
G5,265,103,2023,hem,3,24.49,19.3,59.12,58.35,,Inner,Alive,No,,
G5,266,103,2023,rm,2,16.54,17.1,44.85,45.2,,Outer,Alive,No,,inner; 26.42
G5,267,103,2023,hem,4,33.70,17.4,59.53,60.8,,Inner,Alive,No,,
G5,268,103,2023,ro,2,74.21,40.0,95.49,98.07,,Inner,Alive,No,,
G5,269,103,2023,hem,3,66.64,28.6,107.84,109.17,,Inner,Alive,No,new band 24.58,new band
G5,269,103,2023,hem,4,,,,24.58,,Inner,Alive,No,,
G5,271,103,2023,bb,2,39.09,30.3,94.76,98.9,,Inner,Alive,No,,
G5,272,103,2023,hem,2,18.37,16.4,26.7,26.68,,Inner,Stressed,No,Barely alive,
G5,273,103,2023,hem,4,20.19,25.0,40.57,43.71,,Inner,Alive,No,,
G5,275,103,2023,rm,1,53.37,17.5,63.56,63.95,,Inner,Alive,No,,
G5,276,103,2023,hem,3,75.63,25.0,103.85,105.41,,Inner,Alive,No,new band 21.99,new band
G5,276,103,2023,hem,4,,,,21.99,,Inner,Alive,No,,
G5,277,103,2023,rm,1,17.51,23.2,21.2,20.73,,Inner,Alive,No,,
G5,279,103,2023,ro,2,64.13,42.1,19.1,24.56,43.4,Inner,Alive,No,19.21,"est. new band, extend past mark"
G5,282,103,2023,rm,1,55.39,21.5,61.6,61.36,,Inner,Alive,No,small hole: new band: 11.62 (closest hole),"new band, small hole: 24.67"
G5,282,103,2023,rm,2,,,,11.62,,Inner,Alive,No,,
G5,283,103,2023,rm,1,29.43,13.4,40.83,40.69,,Inner,Alive,No,,
G5,285,103,2023,wp,2,23.21,28.1,31.67,31.91,,Inner,Alive,No,,
G5,286,103,2023,hem,3,20.24,30.5,46.25,48.1,,Inner,Alive,No,,
G5,287,103,2023,rm,1,33.77,15.6,39.31,39.34,,Inner,Alive,No,,
G5,289,103,2023,hem,3,16.50,22.3,21.28,21.41,,Inner,Stressed,No,"stressed, almost dead",
G5,290,103,2023,hem,3,43.02,15.7,61.91,62.65,,Inner,Alive,No,,
G5,291,103,2023,ro,2,21.05,48.3,39.37,42.02,,Inner,Alive,No,,
G5,293,103,2023,hem,2,33.69,23.3,61.25,61.95,,Inner,Alive,No,,
G5,294,103,2023,rm,1,79.05,26.5,100.97,101.86,,Inner,Alive,No,new band 27.02,new band
G5,294,103,2023,rm,2,,,,27.02,,Inner,Alive,No,,
G5,295,103,2023,ro,2,28.58,44.3,64.54,68.6,,Inner,Alive,No,,
G5,589,103,2023,hem,2,8.28,13.0,13.9,13.89,,Inner,Dead,No,Dead,
G5,597,103,2023,bb,2,33.81,13.0,48.78,49.58,,Inner,Alive,No,,
G5,739,103,2023,hem,2,28.90,14.3,37.85,38.32,,Inner,Alive,No,,
G5,740,103,2023,rm,2,29.33,10.7,36.89,37.81,,Inner,Alive,No,,
G5,741,103,2023,rm,3,31.76,11.2,36.13,36.39,,Inner,Alive,No,,
G5,742,103,2023,hem,3,32.97,15.8,54.74,55.91,,Inner,Stressed,No,"stressed, almost dead",
G5,751,103,2023,hem,1,33.59,11.5,36.26,36.17,,Inner,Stressed,No,almosr dead,
G5,752,103,2023,rm,1,34.56,10.7,35.54,35.7,,Inner,Alive,No,,
G5,840,103,2023,hem,1,43.22,11.0,62.65,63.78,,Inner,Alive,No,,needs hole punched
H1,117,103,2023,hem,2,36.17,14.2,62.73,64.75,,Inner,Alive,No,,
H1,302,103,2023,ro,2,37.02,40.8,65.81,71.26,,Inner,Alive,No,,
H1,304,103,2023,beech,3,28.45,28.6,73.97,76.38,,Inner,Alive,No,,
H1,305,103,2023,ro,3,50.13,54.2,96.6,103.36,,Inner,Alive,Yes,new band needed dbh: 55.9,
H1,306,103,2023,rm,1,51.40,31.3,60.8,60.36,,Inner,Alive,No,,
H1,308,103,2023,rm,1,28.19,14.2,41,40.95,,Inner,Dead,No,Dead,
H1,309,103,2023,ro,2,67.00,38.9,124.93,131.13,40.50,Inner,Alive,No,needs new band,new band 18.69
H1,309,103,2023,ro,3,,,,18.69,,Inner,Alive,No,,
H1,310,103,2023,wp,1,41.22,21.4,43.24,43.97,,Inner,Alive,No,,
H1,311,103,2023,rm,1,75.00,19.0,95.21,96.2,,Inner,Alive,No,,
H1,313,103,2023,wp,3,49.43,48.8,77.46,82.47,,Inner,Alive,No,,
H1,314,103,2023,hem,2,60.65,51.2,83.96,83.97,,Inner,Alive,No,,
H1,317,103,2023,rm,2,53.13,27.1,104.39,109.18,,Inner,Alive,Yes,need new band dbh: 28.7,added spring
H1,318,103,2023,rm,3,57.72,25.5,106.83,109.28,26.25,Inner,Alive,Yes,needs new band dbh:26.6,
H1,319,103,2023,hem,2,34.52,48.4,63.33,64.97,,Inner,Alive,No,,
H1,320,103,2023,wp,2,42.27,31.9,61.92,67.11,,Outer,Alive,No,closer hole: 37.82,
H1,321,103,2023,rm,2,45.25,28.7,55.1,55.59,,Inner,Alive,No,,
H1,323,103,2023,rm,1,47.76,16.2,59.04,59.75,,Inner,Alive,No,,
H1,326,103,2023,rm,2,28.29,14.9,31.16,31.16,,Inner,Alive,No,,
H1,807,103,2023,hem,1,9.36,10.5,22.15,22.04,,Inner,Stressed,No,Snapped in half,
H1,841,103,2023,hem,2,75.20,14.40,NA,,,Inner,Alive,No,,
H1,841,103,2023,hem,3,13.85,14.40,21.88,22.8,,Inner,Dead,No,snapped 6 m,Dead
H1,842,103,2023,hem,1,36.45,11.6,62.68,64.78,,Inner,Alive,No,needs new band,new band 8.33
H1,842,103,2023,hem,2,,,,8.33,,Inner,Alive,No,,
H1,843,103,2023,hem,1,36.35,11.9,56.88,60.25,,Inner,Alive,No,needs new band,new band 13.51
H1,843,103,2023,hem,2,,,,13.51,,Inner,Alive,No,,
H1,844,103,2023,hem,1,24.13,11.3,36.43,37.75,,Inner,Alive,No,bent,
H1,899,103,2023,hem,2,17.73,13.1,34.85,36.14,,Inner,Alive,No,,
H2,327,103,2023,hem,2,29.58,34.8,36.25,36.54,,Inner,Alive,No,,
H2,329,103,2023,rm,2,38.18,19.7,42.26,42.4,,Inner,Alive,No,,
H2,330,103,2023,hem,1,28.21,24.6,28.61,28.33,,Inner,Alive,No,,status not checked
H2,331,103,2023,hem,1,46.88,19.9,49.41,49.54,,Inner,Alive,No,,
H2,333,103,2023,ro,2,49.17,35.5,74.38,79.11,,Inner,Alive,No,,
H2,334,103,2023,hem,2,42.89,37.9,71.05,72.8,,Inner,Alive,No,,
H2,336,103,2023,ro,2,35.22,37.7,79.33,85.25,,Inner,Alive,No,,
H2,338,103,2023,hem,2,78.65,34.5,84.65,85.25,,Inner,Alive,No,,
H2,339,103,2023,hem,1,21.90,14.9,22.7,22.67,,Inner,Alive,No,,
H2,341,103,2023,hem,2,43.39,19.0,43.89,43.99,,Inner,Alive,No,,
H2,342,103,2023,hem,2,12.53,33.8,14.93,14.85,,Inner,Alive,No,,
H2,343,103,2023,yb,2,33.54,47.4,52.46,53.89,,Inner,Alive,No,,
H2,344,103,2023,ro,1,84.48,29.1,103.59,106.82,,Inner,Alive,No,needs new band,new band 6.54
H2,344,103,2023,ro,2,,,,6.54,,Inner,Alive,No,,
H2,345,103,2023,hem,2,34.21,45.8,35.09,35.96,,Inner,Alive,No,,
H2,346,103,2023,rm,1,45.34,15.9,59.77,60.88,,Inner,Alive,No,,
H2,348,103,2023,rm,2,68.57,28.2,114.63,117.38,,Inner,Alive,No,needs new band,new band 17.31
H2,348,103,2023,rm,3,,,,17.31,,Inner,Alive,No,,
H2,349,103,2023,hem,1,50.79,30.8,52.13,52.08,,Inner,Alive,No,,
H2,350,103,2023,rm,1,15.70,12.6,17.02,16.79,,Inner,Alive,No,,
H2,351,103,2023,hem,1,68.38,29.6,73.86,74.51,,Inner,Alive,No,,
H2,352,103,2023,ro,1,71.78,25.0,82.09,83.4,,Inner,Alive,No,,
H2,353,103,2023,hem,2,115.92,42.2,31.22,34.81,,Inner,Alive,No,,
H2,353,103,2023,hem,3,22.80,42.2,31.25,34.9,,Inner,Alive,No,,
H2,354,103,2023,ro,3,35.93,66.0,84.12,88.45,,Inner,Alive,No,,
H5,383,103,2023,hem,2,31.01,33.5,55.17,57.48,,Inner,Alive,No,,
H5,384,103,2023,rm,1,76.78,38.2,94.06,94.44,,Inner,Alive,No,new band 7.15,new band
H5,384,103,2023,rm,2,,,,7.15,,Inner,Alive,No,,
H5,385,103,2023,hem,2,49.85,38.2,77.66,78.11,,Inner,Stressed,No,top broken 3 m ,
H5,388,103,2023,hem,2,73.22,31.6,116.64,120.36,,Inner,Alive,No,new band 20.27,new band
H5,388,103,2023,hem,3,,,,20.27,,Inner,Alive,No,,
H5,389,103,2023,rm,1,34.15,43.4,38.46,38.45,,Inner,Alive,No,,
H5,392,103,2023,hem,1,35.78,25.1,39.92,39.91,,Inner,Stressed,No,almost dead,
H5,393,103,2023,yb,3,21.15,16.0,22.58,23.95,,Inner,Alive,No,,
H5,394,103,2023,hem,1,76.35,15.0,99.03,100.6,,Inner,Alive,No,new 12.19,new band
H5,394,103,2023,hem,2,,,,12.19,,Inner,Alive,No,,
H5,396,103,2023,ro,2,46.69,22.1,75.55,78.33,,Inner,Alive,No,,"new band, DBH doesn't make sense - CHECK"
H5,396,103,2023,ro,3,8.64,,8.64,9.92,69.25,Inner,Alive,No,,
H5,397,103,2023,beech,1,47.56,65.3,59.01,60.67,,Inner,Alive,No,,
H5,398,103,2023,bb,1,54.17,13.6,76.19,76.23,,Inner,Alive,No,,
H5,399,103,2023,hem,2,28.33,19.2,51.93,53.4,,Inner,Alive,No,,
H5,400,103,2023,hem,3,70.91,16.00,72.86,73.9,,Inner,Stressed,No,Almost dead,
H5,400,103,2023,hem,4,14.62,16,14.36,14.28,,Inner,Alive,No,,
H5,402,103,2023,ro,2,32.14,29.3,67.5,72.15,,Inner,Alive,No,,
H5,403,103,2023,beech,2,69.58,23.7,NA,na,,No Measurement,Dead,No,,DEAD
H5,404,103,2023,hem,2,32.06,20.0,36.57,36.5,,Inner,Stressed,No,almost dead,
H5,405,103,2023,hem,2,37.69,40.7,68.99,71.02,,Inner,Alive,No,,
H5,536,103,2023,hem,1,6.46,10.8,8.71,8.89,,Inner,Stressed,No,almost dead,
H5,743,103,2023,hem,1,14.61,10.7,16.52,16.55,,Inner,Alive,No,,
H5,810,103,2023,hem,1,29.52,10.7,39.63,36.96,,Inner,Stressed,No,Almost dead,
